<?xml version="1.0" encoding="UTF-8"?>
<metadata xml:lang="en"><Esri><CreaDate>20200518</CreaDate><CreaTime>23291500</CreaTime><ArcGISFormat>1.0</ArcGISFormat><SyncOnce>TRUE</SyncOnce><DataProperties><itemProps><itemLocation><linkage Sync="TRUE">file://\\ILMUTSL50579318\C$\Users\mpanunto\Workspace\GISS_Resources\BaseDataLayers\BaseDataAquisitionFiles\Index_24K_PDF</linkage><protocol Sync="TRUE">Local Area Network</protocol></itemLocation></itemProps><copyHistory><copy source="C:\Users\mpanunto\Workspace\GISS_Resources\BaseDataLayers\USGS_TopoRaster\index_prep\usgs_modified_indices\Index_24K_PDF" dest="\\ILMUTSL50579318\C$\Users\mpanunto\Workspace\GISS_Resources\BaseDataLayers\BaseDataAquisitionFiles\Index_24K_PDF" date="20200518" time="23291500"></copy></copyHistory></DataProperties></Esri></metadata>
